{
  "min_wpm": 24.026210411357845,
  "max_wpm": 90.12492563950032
}